<?xml version="1.0"?>
<cdr core-uuid="938acbec-64d7-4306-a48b-ae9bead33301" switchname="jessie">
  <channel_data>
    <state>CS_REPORTING</state>
    <direction>inbound</direction>
    <state_number>11</state_number>
    <flags>0=1;3=1;37=1;38=1;40=1;53=1;75=1;95=1;112=1;113=1;122=1</flags>
    <caps>1=1;2=1;3=1;4=1;5=1;6=1</caps>
  </channel_data>
  <call-stats>
    <audio>
      <inbound>
        <raw_bytes>44984</raw_bytes>
        <media_bytes>44984</media_bytes>
        <packet_count>262</packet_count>
        <media_packet_count>262</media_packet_count>
        <skip_packet_count>14</skip_packet_count>
        <jitter_packet_count>0</jitter_packet_count>
        <dtmf_packet_count>0</dtmf_packet_count>
        <cng_packet_count>0</cng_packet_count>
        <flush_packet_count>0</flush_packet_count>
        <largest_jb_size>0</largest_jb_size>
        <jitter_min_variance>0.09</jitter_min_variance>
        <jitter_max_variance>26.80</jitter_max_variance>
        <jitter_loss_rate>0.00</jitter_loss_rate>
        <jitter_burst_rate>0.00</jitter_burst_rate>
        <mean_interval>20.16</mean_interval>
        <flaw_total>0</flaw_total>
        <quality_percentage>100.00</quality_percentage>
        <mos>4.50</mos>
      </inbound>
      <outbound>
        <raw_bytes>44720</raw_bytes>
        <media_bytes>44720</media_bytes>
        <packet_count>260</packet_count>
        <media_packet_count>260</media_packet_count>
        <skip_packet_count>0</skip_packet_count>
        <dtmf_packet_count>0</dtmf_packet_count>
        <cng_packet_count>0</cng_packet_count>
        <rtcp_packet_count>285</rtcp_packet_count>
        <rtcp_octet_count>45440</rtcp_octet_count>
      </outbound>
    </audio>
  </call-stats>
  <variables>
    <direction>inbound</direction>
    <uuid>bd2f07b4-7b0a-4a62-acb0-ecb9d7c89956</uuid>
    <session_id>3</session_id>
    <sip_from_user>1001</sip_from_user>
    <sip_from_uri>1001%40192.168.0.126</sip_from_uri>
    <sip_from_host>192.168.0.126</sip_from_host>
    <video_media_flow>sendrecv</video_media_flow>
    <channel_name>sofia/internal/1001%40192.168.0.126</channel_name>
    <sip_call_id>rFswdXW0Y4K4QoTaL7xJAsIn0B17TUTP</sip_call_id>
    <ep_codec_string>CORE_PCM_MODULE.PCMU%408000h%4020i%4064000b</ep_codec_string>
    <sip_local_network_addr>192.168.0.126</sip_local_network_addr>
    <sip_network_ip>192.168.0.182</sip_network_ip>
    <sip_network_port>56490</sip_network_port>
    <sip_invite_stamp>1514409113221714</sip_invite_stamp>
    <sip_received_ip>192.168.0.182</sip_received_ip>
    <sip_received_port>56490</sip_received_port>
    <sip_via_protocol>udp</sip_via_protocol>
    <sip_authorized>true</sip_authorized>
    <Event-Name>REQUEST_PARAMS</Event-Name>
    <Core-UUID>938acbec-64d7-4306-a48b-ae9bead33301</Core-UUID>
    <FreeSWITCH-Hostname>jessie</FreeSWITCH-Hostname>
    <FreeSWITCH-Switchname>jessie</FreeSWITCH-Switchname>
    <FreeSWITCH-IPv4>192.168.0.126</FreeSWITCH-IPv4>
    <FreeSWITCH-IPv6>%3A%3A1</FreeSWITCH-IPv6>
    <Event-Date-Local>2017-12-27%2014%3A11%3A53</Event-Date-Local>
    <Event-Date-GMT>Wed,%2027%20Dec%202017%2021%3A11%3A53%20GMT</Event-Date-GMT>
    <Event-Date-Timestamp>1514409113221714</Event-Date-Timestamp>
    <Event-Calling-File>sofia.c</Event-Calling-File>
    <Event-Calling-Function>sofia_handle_sip_i_invite</Event-Calling-Function>
    <Event-Calling-Line-Number>10096</Event-Calling-Line-Number>
    <Event-Sequence>1579</Event-Sequence>
    <sip_number_alias>1001</sip_number_alias>
    <sip_auth_username>1001</sip_auth_username>
    <sip_auth_realm>192.168.0.126</sip_auth_realm>
    <number_alias>1001</number_alias>
    <requested_user_name>1001</requested_user_name>
    <requested_domain_name>192.168.0.126</requested_domain_name>
    <default_gateway>example.com</default_gateway>
    <default_areacode>918</default_areacode>
    <transfer_fallback_extension>operator</transfer_fallback_extension>
    <toll_allow>domestic,international,local</toll_allow>
    <accountcode>1001</accountcode>
    <user_context>default</user_context>
    <effective_caller_id_name>Extension%201001</effective_caller_id_name>
    <effective_caller_id_number>1001</effective_caller_id_number>
    <outbound_caller_id_name>FreeSWITCH</outbound_caller_id_name>
    <outbound_caller_id_number>0000000000</outbound_caller_id_number>
    <callgroup>techsupport</callgroup>
    <user_name>1001</user_name>
    <domain_name>192.168.0.126</domain_name>
    <sip_from_user_stripped>1001</sip_from_user_stripped>
    <sip_from_tag>rh1Uo8jwAyseMavhSZ8DyM-TMQ-tqMTQ</sip_from_tag>
    <sofia_profile_name>internal</sofia_profile_name>
    <recovery_profile_name>internal</recovery_profile_name>
    <sip_full_route>%3Csip%3A192.168.0.126%3Btransport%3Dudp%3Blr%3E</sip_full_route>
    <sip_full_via>SIP/2.0/UDP%20192.168.0.182%3A56490%3Brport%3D56490%3Bbranch%3Dz9hG4bKPj5uQMvAgwpxU.odnhe-1E6.2n7qCIEJVr</sip_full_via>
    <sip_full_from>%3Csip%3A1001%40192.168.0.126%3E%3Btag%3Drh1Uo8jwAyseMavhSZ8DyM-TMQ-tqMTQ</sip_full_from>
    <sip_full_to>%3Csip%3A1002%40192.168.0.126%3E</sip_full_to>
    <sip_allow>PRACK,%20INVITE,%20ACK,%20BYE,%20CANCEL,%20UPDATE,%20INFO,%20SUBSCRIBE,%20NOTIFY,%20REFER,%20MESSAGE,%20OPTIONS</sip_allow>
    <sip_req_user>1002</sip_req_user>
    <sip_req_uri>1002%40192.168.0.126</sip_req_uri>
    <sip_req_host>192.168.0.126</sip_req_host>
    <sip_to_user>1002</sip_to_user>
    <sip_to_uri>1002%40192.168.0.126</sip_to_uri>
    <sip_to_host>192.168.0.126</sip_to_host>
    <sip_contact_params>ob</sip_contact_params>
    <sip_contact_user>1001</sip_contact_user>
    <sip_contact_port>56490</sip_contact_port>
    <sip_contact_uri>1001%40192.168.0.182%3A56490</sip_contact_uri>
    <sip_contact_host>192.168.0.182</sip_contact_host>
    <sip_user_agent>CSipSimple_nikel-23/r2457</sip_user_agent>
    <sip_via_host>192.168.0.182</sip_via_host>
    <sip_via_port>56490</sip_via_port>
    <sip_via_rport>56490</sip_via_rport>
    <max_forwards>70</max_forwards>
    <presence_id>1001%40192.168.0.126</presence_id>
    <switch_r_sdp>v%3D0%0D%0Ao%3D-%203723397909%203723397909%20IN%20IP4%20192.168.0.182%0D%0As%3Dpjmedia%0D%0Ac%3DIN%20IP4%20192.168.0.182%0D%0At%3D0%200%0D%0Am%3Daudio%204002%20RTP/AVP%200%2099%20101%0D%0Ac%3DIN%20IP4%20192.168.0.182%0D%0Aa%3Drtpmap%3A0%20PCMU/8000%0D%0Aa%3Drtpmap%3A99%20SILK/24000%0D%0Aa%3Dfmtp%3A99%20useinbandfec%3D0%0D%0Aa%3Drtpmap%3A101%20telephone-event/8000%0D%0Aa%3Dfmtp%3A101%200-16%0D%0Aa%3Drtcp%3A4003%20IN%20IP4%20192.168.0.182%0D%0A</switch_r_sdp>
    <DP_MATCH>1002</DP_MATCH>
    <DP_MATCH>1002</DP_MATCH>
    <call_uuid>bd2f07b4-7b0a-4a62-acb0-ecb9d7c89956</call_uuid>
    <open>true</open>
    <RFC2822_DATE>Wed,%2027%20Dec%202017%2014%3A11%3A55%20-0700</RFC2822_DATE>
    <dialed_extension>1002</dialed_extension>
    <export_vars>RFC2822_DATE,dialed_extension</export_vars>
    <RECORD_STEREO>true</RECORD_STEREO>
    <media_bug_answer_req>true</media_bug_answer_req>
    <recording_follow_transfer>true</recording_follow_transfer>
    <recording_time>2017-12-27-14-11-55</recording_time>
    <recording_file>/tmp/recording/archive/2017-12-27-14-11-55_1002_1001.wav</recording_file>
    <rtp_use_codec_string>OPUS,G722,PCMU,PCMA,VP8</rtp_use_codec_string>
    <audio_media_flow>sendrecv</audio_media_flow>
    <rtp_remote_audio_rtcp_port>4003</rtp_remote_audio_rtcp_port>
    <rtp_audio_recv_pt>0</rtp_audio_recv_pt>
    <rtp_use_codec_name>PCMU</rtp_use_codec_name>
    <rtp_use_codec_rate>8000</rtp_use_codec_rate>
    <rtp_use_codec_ptime>20</rtp_use_codec_ptime>
    <rtp_use_codec_channels>1</rtp_use_codec_channels>
    <rtp_last_audio_codec_string>PCMU%408000h%4020i%401c</rtp_last_audio_codec_string>
    <original_read_codec>PCMU</original_read_codec>
    <original_read_rate>8000</original_read_rate>
    <write_codec>PCMU</write_codec>
    <write_rate>8000</write_rate>
    <dtmf_type>rfc2833</dtmf_type>
    <local_media_ip>192.168.0.126</local_media_ip>
    <local_media_port>21182</local_media_port>
    <advertised_media_ip>192.168.0.126</advertised_media_ip>
    <rtp_use_timer_name>soft</rtp_use_timer_name>
    <rtp_use_pt>0</rtp_use_pt>
    <rtp_use_ssrc>105555769</rtp_use_ssrc>
    <rtp_2833_send_payload>101</rtp_2833_send_payload>
    <rtp_2833_recv_payload>101</rtp_2833_recv_payload>
    <remote_media_ip>192.168.0.182</remote_media_ip>
    <remote_media_port>4002</remote_media_port>
    <endpoint_disposition>EARLY%20MEDIA</endpoint_disposition>
    <rtp_local_sdp_str>v%3D0%0D%0Ao%3DFreeSWITCH%201514387933%201514387934%20IN%20IP4%20192.168.0.126%0D%0As%3DFreeSWITCH%0D%0Ac%3DIN%20IP4%20192.168.0.126%0D%0At%3D0%200%0D%0Am%3Daudio%2021182%20RTP/AVP%200%20101%0D%0Aa%3Drtpmap%3A0%20PCMU/8000%0D%0Aa%3Drtpmap%3A101%20telephone-event/8000%0D%0Aa%3Dfmtp%3A101%200-16%0D%0Aa%3Dptime%3A20%0D%0Aa%3Dsendrecv%0D%0Aa%3Drtcp%3A21183%20IN%20IP4%20192.168.0.126%0D%0A</rtp_local_sdp_str>
    <session_in_hangup_hook>true</session_in_hangup_hook>
    <api_hangup_hook>python%20call_recogn</api_hangup_hook>
    <ringback>%25(2000,4000,440,480)</ringback>
    <transfer_ringback>local_stream%3A//moh</transfer_ringback>
    <call_timeout>30</call_timeout>
    <hangup_after_bridge>true</hangup_after_bridge>
    <continue_on_fail>true</continue_on_fail>
    <called_party_callgroup>techsupport</called_party_callgroup>
    <current_application_data>user/1002%40192.168.0.126</current_application_data>
    <current_application>bridge</current_application>
    <dialed_user>1002</dialed_user>
    <dialed_domain>192.168.0.126</dialed_domain>
    <originate_signal_bond>b6b5828d-d33c-4707-b5dd-76d2c6a31ffa</originate_signal_bond>
    <originated_legs>b6b5828d-d33c-4707-b5dd-76d2c6a31ffa%3BOutbound%20Call%3B1002</originated_legs>
    <sip_hangup_disposition>recv_cancel</sip_hangup_disposition>
    <sip_invite_failure_status>487</sip_invite_failure_status>
    <sip_invite_failure_phrase>CANCEL</sip_invite_failure_phrase>
    <sip_term_status>487</sip_term_status>
    <proto_specific_hangup_cause>sip%3A487</proto_specific_hangup_cause>
    <sip_term_cause>487</sip_term_cause>
    <read_codec>PCMU</read_codec>
    <read_rate>8000</read_rate>
    <originate_causes>b6b5828d-d33c-4707-b5dd-76d2c6a31ffa%3BORIGINATOR_CANCEL</originate_causes>
    <originate_disposition>ORIGINATOR_CANCEL</originate_disposition>
    <DIALSTATUS>CANCEL</DIALSTATUS>
    <originate_failed_cause>ORIGINATOR_CANCEL</originate_failed_cause>
    <RECORD_DISCARDED>true</RECORD_DISCARDED>
    <record_samples>0</record_samples>
    <record_seconds>0</record_seconds>
    <record_ms>0</record_ms>
    <record_completion_cause>empty-file</record_completion_cause>
    <hangup_cause>ORIGINATOR_CANCEL</hangup_cause>
    <hangup_cause_q850>16</hangup_cause_q850>
    <digits_dialed>none</digits_dialed>
    <start_stamp>2017-12-27%2014%3A11%3A53</start_stamp>
    <profile_start_stamp>2017-12-27%2014%3A11%3A53</profile_start_stamp>
    <progress_stamp>2017-12-27%2014%3A11%3A55</progress_stamp>
    <progress_media_stamp>2017-12-27%2014%3A11%3A55</progress_media_stamp>
    <end_stamp>2017-12-27%2014%3A12%3A00</end_stamp>
    <start_epoch>1514409113</start_epoch>
    <start_uepoch>1514409113241344</start_uepoch>
    <profile_start_epoch>1514409113</profile_start_epoch>
    <profile_start_uepoch>1514409113241344</profile_start_uepoch>
    <answer_epoch>0</answer_epoch>
    <answer_uepoch>0</answer_uepoch>
    <bridge_epoch>0</bridge_epoch>
    <bridge_uepoch>0</bridge_uepoch>
    <last_hold_epoch>0</last_hold_epoch>
    <last_hold_uepoch>0</last_hold_uepoch>
    <hold_accum_seconds>0</hold_accum_seconds>
    <hold_accum_usec>0</hold_accum_usec>
    <hold_accum_ms>0</hold_accum_ms>
    <resurrect_epoch>0</resurrect_epoch>
    <resurrect_uepoch>0</resurrect_uepoch>
    <progress_epoch>1514409115</progress_epoch>
    <progress_uepoch>1514409115561691</progress_uepoch>
    <progress_media_epoch>1514409115</progress_media_epoch>
    <progress_media_uepoch>1514409115301815</progress_media_uepoch>
    <end_epoch>1514409120</end_epoch>
    <end_uepoch>1514409120821273</end_uepoch>
    <last_app>bridge</last_app>
    <last_arg>user/1002%40192.168.0.126</last_arg>
    <caller_id>%221001%22%20%3C1001%3E</caller_id>
    <duration>7</duration>
    <billsec>0</billsec>
    <progresssec>2</progresssec>
    <answersec>0</answersec>
    <waitsec>0</waitsec>
    <progress_mediasec>2</progress_mediasec>
    <flow_billsec>0</flow_billsec>
    <mduration>7580</mduration>
    <billmsec>0</billmsec>
    <progressmsec>2320</progressmsec>
    <answermsec>0</answermsec>
    <waitmsec>0</waitmsec>
    <progress_mediamsec>2060</progress_mediamsec>
    <flow_billmsec>0</flow_billmsec>
    <uduration>7579929</uduration>
    <billusec>0</billusec>
    <progressusec>2320347</progressusec>
    <answerusec>0</answerusec>
    <waitusec>0</waitusec>
    <progress_mediausec>2060471</progress_mediausec>
    <flow_billusec>0</flow_billusec>
    <rtp_audio_in_raw_bytes>44984</rtp_audio_in_raw_bytes>
    <rtp_audio_in_media_bytes>44984</rtp_audio_in_media_bytes>
    <rtp_audio_in_packet_count>262</rtp_audio_in_packet_count>
    <rtp_audio_in_media_packet_count>262</rtp_audio_in_media_packet_count>
    <rtp_audio_in_skip_packet_count>14</rtp_audio_in_skip_packet_count>
    <rtp_audio_in_jitter_packet_count>0</rtp_audio_in_jitter_packet_count>
    <rtp_audio_in_dtmf_packet_count>0</rtp_audio_in_dtmf_packet_count>
    <rtp_audio_in_cng_packet_count>0</rtp_audio_in_cng_packet_count>
    <rtp_audio_in_flush_packet_count>0</rtp_audio_in_flush_packet_count>
    <rtp_audio_in_largest_jb_size>0</rtp_audio_in_largest_jb_size>
    <rtp_audio_in_jitter_min_variance>0.09</rtp_audio_in_jitter_min_variance>
    <rtp_audio_in_jitter_max_variance>26.80</rtp_audio_in_jitter_max_variance>
    <rtp_audio_in_jitter_loss_rate>0.00</rtp_audio_in_jitter_loss_rate>
    <rtp_audio_in_jitter_burst_rate>0.00</rtp_audio_in_jitter_burst_rate>
    <rtp_audio_in_mean_interval>20.16</rtp_audio_in_mean_interval>
    <rtp_audio_in_flaw_total>0</rtp_audio_in_flaw_total>
    <rtp_audio_in_quality_percentage>100.00</rtp_audio_in_quality_percentage>
    <rtp_audio_in_mos>4.50</rtp_audio_in_mos>
    <rtp_audio_out_raw_bytes>44720</rtp_audio_out_raw_bytes>
    <rtp_audio_out_media_bytes>44720</rtp_audio_out_media_bytes>
    <rtp_audio_out_packet_count>260</rtp_audio_out_packet_count>
    <rtp_audio_out_media_packet_count>260</rtp_audio_out_media_packet_count>
    <rtp_audio_out_skip_packet_count>0</rtp_audio_out_skip_packet_count>
    <rtp_audio_out_dtmf_packet_count>0</rtp_audio_out_dtmf_packet_count>
    <rtp_audio_out_cng_packet_count>0</rtp_audio_out_cng_packet_count>
    <rtp_audio_rtcp_packet_count>285</rtp_audio_rtcp_packet_count>
    <rtp_audio_rtcp_octet_count>45440</rtp_audio_rtcp_octet_count>
  </variables>
  <app_log>
    <application app_name="set" app_data="open=true" app_stamp="1514409113247801"></application>
    <application app_name="log" app_data="CRIT WARNING WARNING WARNING WARNING WARNING WARNING WARNING WARNING WARNING " app_stamp="1514409113248550"></application>
    <application app_name="log" app_data="CRIT Open /etc/freeswitch/vars.xml and change the default_password." app_stamp="1514409113249161"></application>
    <application app_name="log" app_data="CRIT Once changed type 'reloadxml' at the console." app_stamp="1514409113249727"></application>
    <application app_name="log" app_data="CRIT WARNING WARNING WARNING WARNING WARNING WARNING WARNING WARNING WARNING " app_stamp="1514409113250418"></application>
    <application app_name="sleep" app_data="1981" app_stamp="1514409113251178"></application>
    <application app_name="hash" app_data="insert/192.168.0.126-spymap/1001/bd2f07b4-7b0a-4a62-acb0-ecb9d7c89956" app_stamp="1514409115281378"></application>
    <application app_name="hash" app_data="insert/192.168.0.126-last_dial/1001/1002" app_stamp="1514409115282472"></application>
    <application app_name="hash" app_data="insert/192.168.0.126-last_dial/global/bd2f07b4-7b0a-4a62-acb0-ecb9d7c89956" app_stamp="1514409115283824"></application>
    <application app_name="export" app_data="RFC2822_DATE=Wed, 27 Dec 2017 14:11:55 -0700" app_stamp="1514409115285124"></application>
    <application app_name="export" app_data="dialed_extension=1002" app_stamp="1514409115286224"></application>
    <application app_name="set" app_data="RECORD_TITLE=Recording 1002 1001 2017-12-27 14:11" app_stamp="1514409115287522"></application>
    <application app_name="set" app_data="RECORD_COPYRIGHT=(c) 2011" app_stamp="1514409115288398"></application>
    <application app_name="set" app_data="RECORD_SOFTWARE=FreeSWITCH" app_stamp="1514409115289154"></application>
    <application app_name="set" app_data="RECORD_ARTIST=FreeSWITCH" app_stamp="1514409115289875"></application>
    <application app_name="set" app_data="RECORD_COMMENT=FreeSWITCH" app_stamp="1514409115290579"></application>
    <application app_name="set" app_data="RECORD_DATE=2017-12-27 14:11" app_stamp="1514409115291544"></application>
    <application app_name="set" app_data="RECORD_STEREO=true" app_stamp="1514409115292433"></application>
    <application app_name="set" app_data="media_bug_answer_req=true" app_stamp="1514409115293230"></application>
    <application app_name="set" app_data="recording_follow_transfer=true" app_stamp="1514409115294032"></application>
    <application app_name="set" app_data="recording_time=2017-12-27-14-11-55" app_stamp="1514409115295006"></application>
    <application app_name="set" app_data="recording_file=/tmp/recording/archive/2017-12-27-14-11-55_1002_1001.wav" app_stamp="1514409115295891"></application>
    <application app_name="record_session" app_data="/tmp/recording/archive/2017-12-27-14-11-55_1002_1001.wav" app_stamp="1514409115306956"></application>
    <application app_name="set" app_data="session_in_hangup_hook=true" app_stamp="1514409115320718"></application>
    <application app_name="set" app_data="api_hangup_hook=python call_recogn" app_stamp="1514409115321888"></application>
    <application app_name="python" app_data="call_recogn" app_stamp="1514409115323507"></application>
    <application app_name="bind_meta_app" app_data="1 b s execute_extension::dx XML features" app_stamp="1514409115327346"></application>
    <application app_name="bind_meta_app" app_data="2 b s record_session::/tmp/recording/1001.2017-12-27-14-11-55.wav" app_stamp="1514409115327920"></application>
    <application app_name="bind_meta_app" app_data="3 b s execute_extension::cf XML features" app_stamp="1514409115328372"></application>
    <application app_name="bind_meta_app" app_data="4 b s execute_extension::att_xfer XML features" app_stamp="1514409115328812"></application>
    <application app_name="set" app_data="ringback=%(2000,4000,440,480)" app_stamp="1514409115329367"></application>
    <application app_name="set" app_data="transfer_ringback=local_stream://moh" app_stamp="1514409115329952"></application>
    <application app_name="set" app_data="call_timeout=30" app_stamp="1514409115330399"></application>
    <application app_name="set" app_data="hangup_after_bridge=true" app_stamp="1514409115330794"></application>
    <application app_name="set" app_data="continue_on_fail=true" app_stamp="1514409115331276"></application>
    <application app_name="hash" app_data="insert/192.168.0.126-call_return/1002/1001" app_stamp="1514409115331838"></application>
    <application app_name="hash" app_data="insert/192.168.0.126-last_dial_ext/1002/bd2f07b4-7b0a-4a62-acb0-ecb9d7c89956" app_stamp="1514409115332291"></application>
    <application app_name="set" app_data="called_party_callgroup=techsupport" app_stamp="1514409115333067"></application>
    <application app_name="hash" app_data="insert/192.168.0.126-last_dial_ext/techsupport/bd2f07b4-7b0a-4a62-acb0-ecb9d7c89956" app_stamp="1514409115333499"></application>
    <application app_name="hash" app_data="insert/192.168.0.126-last_dial_ext/global/bd2f07b4-7b0a-4a62-acb0-ecb9d7c89956" app_stamp="1514409115334003"></application>
    <application app_name="hash" app_data="insert/192.168.0.126-last_dial/techsupport/bd2f07b4-7b0a-4a62-acb0-ecb9d7c89956" app_stamp="1514409115334498"></application>
    <application app_name="bridge" app_data="user/1002@192.168.0.126" app_stamp="1514409115335120"></application>
  </app_log>
  <callflow dialplan="XML" unique-id="e21d4888-89f2-4a8d-8ed9-133d5528e783" profile_index="1">
    <extension name="tod_example" number="1002" current_app="answer">
      <application app_name="set" app_data="open=true"></application>
      <application app_name="log" app_data="CRIT WARNING WARNING WARNING WARNING WARNING WARNING WARNING WARNING WARNING "></application>
      <application app_name="log" app_data="CRIT Open /etc/freeswitch/vars.xml and change the default_password."></application>
      <application app_name="log" app_data="CRIT Once changed type 'reloadxml' at the console."></application>
      <application app_name="log" app_data="CRIT WARNING WARNING WARNING WARNING WARNING WARNING WARNING WARNING WARNING "></application>
      <application app_name="sleep" app_data="1981"></application>
      <application app_name="hash" app_data="insert/${domain_name}-spymap/${caller_id_number}/${uuid}"></application>
      <application app_name="hash" app_data="insert/${domain_name}-last_dial/${caller_id_number}/${destination_number}"></application>
      <application app_name="hash" app_data="insert/${domain_name}-last_dial/global/${uuid}"></application>
      <application app_name="export" app_data="RFC2822_DATE=${strftime(%a, %d %b %Y %T %z)}"></application>
      <application app_name="export" app_data="dialed_extension=1002"></application>
      <application app_name="set" app_data="RECORD_TITLE=Recording ${destination_number} ${caller_id_number} ${strftime(%Y-%m-%d %H:%M)}"></application>
      <application app_name="set" app_data="RECORD_COPYRIGHT=(c) 2011"></application>
      <application app_name="set" app_data="RECORD_SOFTWARE=FreeSWITCH"></application>
      <application app_name="set" app_data="RECORD_ARTIST=FreeSWITCH"></application>
      <application app_name="set" app_data="RECORD_COMMENT=FreeSWITCH"></application>
      <application app_name="set" app_data="RECORD_DATE=${strftime(%Y-%m-%d %H:%M)}"></application>
      <application app_name="set" app_data="RECORD_STEREO=true"></application>
      <application app_name="set" app_data="media_bug_answer_req=true"></application>
      <application app_name="set" app_data="recording_follow_transfer=true"></application>
      <application app_name="set" app_data="recording_time=${strftime(%Y-%m-%d-%H-%M-%S)}"></application>
      <application app_name="set" app_data="recording_file=/tmp/recording/archive/${recording_time}_${destination_number}_${caller_id_number}.wav"></application>
      <application app_name="record_session" app_data="${recording_file}"></application>
      <application app_name="set" app_data="session_in_hangup_hook=true"></application>
      <application app_name="set" app_data="api_hangup_hook=python call_recogn"></application>
      <application app_name="python" app_data="call_recogn"></application>
      <application app_name="bind_meta_app" app_data="1 b s execute_extension::dx XML features"></application>
      <application app_name="bind_meta_app" app_data="2 b s record_session::/tmp/recording/${caller_id_number}.${strftime(%Y-%m-%d-%H-%M-%S)}.wav"></application>
      <application app_name="bind_meta_app" app_data="3 b s execute_extension::cf XML features"></application>
      <application app_name="bind_meta_app" app_data="4 b s execute_extension::att_xfer XML features"></application>
      <application app_name="set" app_data="ringback=${us-ring}"></application>
      <application app_name="set" app_data="transfer_ringback=local_stream://moh"></application>
      <application app_name="set" app_data="call_timeout=30"></application>
      <application app_name="set" app_data="hangup_after_bridge=true"></application>
      <application app_name="set" app_data="continue_on_fail=true"></application>
      <application app_name="hash" app_data="insert/${domain_name}-call_return/${dialed_extension}/${caller_id_number}"></application>
      <application app_name="hash" app_data="insert/${domain_name}-last_dial_ext/${dialed_extension}/${uuid}"></application>
      <application app_name="set" app_data="called_party_callgroup=${user_data(${dialed_extension}@${domain_name} var callgroup)}"></application>
      <application app_name="hash" app_data="insert/${domain_name}-last_dial_ext/${called_party_callgroup}/${uuid}"></application>
      <application app_name="hash" app_data="insert/${domain_name}-last_dial_ext/global/${uuid}"></application>
      <application app_name="hash" app_data="insert/${domain_name}-last_dial/${called_party_callgroup}/${uuid}"></application>
      <application app_name="bridge" app_data="user/${dialed_extension}@${domain_name}"></application>
      <application last_executed="true" app_name="answer" app_data=""></application>
      <application app_name="sleep" app_data="1000"></application>
      <application app_name="bridge" app_data="loopback/app=voicemail:default ${domain_name} ${dialed_extension}"></application>
    </extension>
    <caller_profile>
      <username>1001</username>
      <dialplan>XML</dialplan>
      <caller_id_name>1001</caller_id_name>
      <caller_id_number>1001</caller_id_number>
      <callee_id_name></callee_id_name>
      <callee_id_number></callee_id_number>
      <ani>1001</ani>
      <aniii></aniii>
      <network_addr>192.168.0.182</network_addr>
      <rdnis></rdnis>
      <destination_number>1002</destination_number>
      <uuid>bd2f07b4-7b0a-4a62-acb0-ecb9d7c89956</uuid>
      <source>mod_sofia</source>
      <context>default</context>
      <chan_name>sofia/internal/1001@192.168.0.126</chan_name>
      <origination>
        <origination_caller_profile>
          <username>1001</username>
          <dialplan>XML</dialplan>
          <caller_id_name>Extension 1001</caller_id_name>
          <caller_id_number>1001</caller_id_number>
          <callee_id_name>Outbound Call</callee_id_name>
          <callee_id_number>1002</callee_id_number>
          <ani>1001</ani>
          <aniii></aniii>
          <network_addr>192.168.0.182</network_addr>
          <rdnis></rdnis>
          <destination_number>1002</destination_number>
          <uuid>b6b5828d-d33c-4707-b5dd-76d2c6a31ffa</uuid>
          <source>mod_sofia</source>
          <context>default</context>
          <chan_name>sofia/internal/1002@192.168.0.170:43718</chan_name>
        </origination_caller_profile>
      </origination>
    </caller_profile>
    <times>
      <created_time>1514409113241344</created_time>
      <profile_created_time>1514409113241344</profile_created_time>
      <progress_time>1514409115561691</progress_time>
      <progress_media_time>1514409115301815</progress_media_time>
      <answered_time>0</answered_time>
      <bridged_time>0</bridged_time>
      <last_hold_time>0</last_hold_time>
      <hold_accum_time>0</hold_accum_time>
      <hangup_time>1514409120821273</hangup_time>
      <resurrect_time>0</resurrect_time>
      <transfer_time>0</transfer_time>
    </times>
  </callflow>
</cdr>
