<?xml version="1.0"?>
<cdr core-uuid="938acbec-64d7-4306-a48b-ae9bead33301" switchname="jessie">
  <channel_data>
    <state>CS_REPORTING</state>
    <direction>inbound</direction>
    <state_number>11</state_number>
    <flags>0=1;3=1;38=1;40=1;53=1;122=1</flags>
    <caps></caps>
  </channel_data>
  <call-stats></call-stats>
  <variables>
    <direction>inbound</direction>
    <uuid>388c5dd5-7d72-4ef1-bc45-e2212819b5b7</uuid>
    <session_id>7</session_id>
    <channel_name>loopback/voicemail-b</channel_name>
    <write_codec>PCMU</write_codec>
    <write_rate>8000</write_rate>
    <export_vars>RFC2822_DATE,dialed_extension</export_vars>
    <RFC2822_DATE>Wed,%2027%20Dec%202017%2014%3A13%3A35%20-0700</RFC2822_DATE>
    <dialed_extension>1005</dialed_extension>
    <loopback_app>voicemail</loopback_app>
    <loopback_app_arg>default%20192.168.0.126%201005</loopback_app_arg>
    <other_loopback_leg_uuid>c7039c14-efc4-4de7-bb8e-15891893db63</other_loopback_leg_uuid>
    <loopback_leg>B</loopback_leg>
    <call_uuid>388c5dd5-7d72-4ef1-bc45-e2212819b5b7</call_uuid>
    <endpoint_disposition>EARLY%20MEDIA</endpoint_disposition>
    <current_application_data>default%20192.168.0.126%201005</current_application_data>
    <current_application>voicemail</current_application>
    <playback_last_offset_pos>36761</playback_last_offset_pos>
    <playback_seconds>4</playback_seconds>
    <playback_ms>4595</playback_ms>
    <playback_samples>36761</playback_samples>
    <sound_prefix>/usr/share/freeswitch/sounds/en/us/callie</sound_prefix>
    <silence_hits_exhausted>false</silence_hits_exhausted>
    <record_seconds>0</record_seconds>
    <record_ms>100</record_ms>
    <record_samples>800</record_samples>
    <read_codec>PCMU</read_codec>
    <read_rate>8000</read_rate>
    <hangup_cause>ORIGINATOR_CANCEL</hangup_cause>
    <hangup_cause_q850>16</hangup_cause_q850>
    <digits_dialed>none</digits_dialed>
    <start_stamp>2017-12-27%2014%3A13%3A36</start_stamp>
    <profile_start_stamp>2017-12-27%2014%3A13%3A36</profile_start_stamp>
    <progress_media_stamp>2017-12-27%2014%3A13%3A36</progress_media_stamp>
    <end_stamp>2017-12-27%2014%3A13%3A47</end_stamp>
    <start_epoch>1514409216</start_epoch>
    <start_uepoch>1514409216981607</start_uepoch>
    <profile_start_epoch>1514409216</profile_start_epoch>
    <profile_start_uepoch>1514409216981607</profile_start_uepoch>
    <answer_epoch>0</answer_epoch>
    <answer_uepoch>0</answer_uepoch>
    <bridge_epoch>0</bridge_epoch>
    <bridge_uepoch>0</bridge_uepoch>
    <last_hold_epoch>0</last_hold_epoch>
    <last_hold_uepoch>0</last_hold_uepoch>
    <hold_accum_seconds>0</hold_accum_seconds>
    <hold_accum_usec>0</hold_accum_usec>
    <hold_accum_ms>0</hold_accum_ms>
    <resurrect_epoch>0</resurrect_epoch>
    <resurrect_uepoch>0</resurrect_uepoch>
    <progress_epoch>0</progress_epoch>
    <progress_uepoch>0</progress_uepoch>
    <progress_media_epoch>1514409216</progress_media_epoch>
    <progress_media_uepoch>1514409216981607</progress_media_uepoch>
    <end_epoch>1514409227</end_epoch>
    <end_uepoch>1514409227981516</end_uepoch>
    <last_app>voicemail</last_app>
    <last_arg>default%20192.168.0.126%201005</last_arg>
    <caller_id>%22Extension%201001%22%20%3C1001%3E</caller_id>
    <duration>11</duration>
    <billsec>0</billsec>
    <progresssec>0</progresssec>
    <answersec>0</answersec>
    <waitsec>0</waitsec>
    <progress_mediasec>0</progress_mediasec>
    <flow_billsec>0</flow_billsec>
    <mduration>11000</mduration>
    <billmsec>0</billmsec>
    <progressmsec>0</progressmsec>
    <answermsec>0</answermsec>
    <waitmsec>0</waitmsec>
    <progress_mediamsec>0</progress_mediamsec>
    <flow_billmsec>0</flow_billmsec>
    <uduration>10999909</uduration>
    <billusec>0</billusec>
    <progressusec>0</progressusec>
    <answerusec>0</answerusec>
    <waitusec>0</waitusec>
    <progress_mediausec>0</progress_mediausec>
    <flow_billusec>0</flow_billusec>
    <is_loopback>1</is_loopback>
  </variables>
  <app_log>
    <application app_name="pre_answer" app_data="" app_stamp="1514409216992164"></application>
    <application app_name="voicemail" app_data="default 192.168.0.126 1005" app_stamp="1514409216995363"></application>
  </app_log>
  <callflow dialplan="XML" unique-id="86c6e23a-6075-4194-9833-80626aec3a48" clone-of="b868347c-1214-4abc-900e-bdb8522211b9" profile_index="1">
    <extension name="voicemail" number="voicemail">
      <application app_name="pre_answer" app_data=""></application>
      <application app_name="voicemail" app_data="default 192.168.0.126 1005"></application>
    </extension>
    <caller_profile>
      <username>1001</username>
      <dialplan>XML</dialplan>
      <caller_id_name>Extension 1001</caller_id_name>
      <caller_id_number>1001</caller_id_number>
      <callee_id_name>Outbound Call</callee_id_name>
      <callee_id_number>default 192.168.0.126 1005</callee_id_number>
      <ani>1001</ani>
      <aniii></aniii>
      <network_addr>192.168.0.182</network_addr>
      <rdnis></rdnis>
      <destination_number>voicemail</destination_number>
      <uuid>388c5dd5-7d72-4ef1-bc45-e2212819b5b7</uuid>
      <source>mod_loopback</source>
      <context>default</context>
      <chan_name>loopback/voicemail-b</chan_name>
    </caller_profile>
    <times>
      <created_time>1514409216981607</created_time>
      <profile_created_time>1514409216981607</profile_created_time>
      <progress_time>0</progress_time>
      <progress_media_time>1514409216981607</progress_media_time>
      <answered_time>0</answered_time>
      <bridged_time>0</bridged_time>
      <last_hold_time>0</last_hold_time>
      <hold_accum_time>0</hold_accum_time>
      <hangup_time>1514409227981516</hangup_time>
      <resurrect_time>0</resurrect_time>
      <transfer_time>0</transfer_time>
    </times>
  </callflow>
</cdr>
