<?xml version="1.0"?>
<cdr core-uuid="938acbec-64d7-4306-a48b-ae9bead33301" switchname="jessie">
  <channel_data>
    <state>CS_REPORTING</state>
    <direction>inbound</direction>
    <state_number>11</state_number>
    <flags>0=1;1=1;3=1;37=1;38=1;40=1;43=1;48=1;53=1;75=1;95=1;106=1;112=1;113=1;122=1</flags>
    <caps>1=1;2=1;3=1;4=1;5=1;6=1</caps>
  </channel_data>
  <call-stats>
    <audio>
      <inbound>
        <raw_bytes>98212</raw_bytes>
        <media_bytes>93224</media_bytes>
        <packet_count>571</packet_count>
        <media_packet_count>542</media_packet_count>
        <skip_packet_count>22</skip_packet_count>
        <jitter_packet_count>0</jitter_packet_count>
        <dtmf_packet_count>0</dtmf_packet_count>
        <cng_packet_count>0</cng_packet_count>
        <flush_packet_count>29</flush_packet_count>
        <largest_jb_size>0</largest_jb_size>
        <jitter_min_variance>0.05</jitter_min_variance>
        <jitter_max_variance>150.95</jitter_max_variance>
        <jitter_loss_rate>0.00</jitter_loss_rate>
        <jitter_burst_rate>0.00</jitter_burst_rate>
        <mean_interval>20.17</mean_interval>
        <flaw_total>4</flaw_total>
        <quality_percentage>99.00</quality_percentage>
        <mos>4.49</mos>
      </inbound>
      <outbound>
        <raw_bytes>92880</raw_bytes>
        <media_bytes>92880</media_bytes>
        <packet_count>540</packet_count>
        <media_packet_count>540</media_packet_count>
        <skip_packet_count>0</skip_packet_count>
        <dtmf_packet_count>0</dtmf_packet_count>
        <cng_packet_count>0</cng_packet_count>
        <rtcp_packet_count>829</rtcp_packet_count>
        <rtcp_octet_count>132640</rtcp_octet_count>
      </outbound>
      <error-log>
        <error-period>
          <start>1514408418161573</start>
          <stop>1514408421161332</stop>
          <flaws>0</flaws>
          <consecutive-flaws>0</consecutive-flaws>
          <duration-msec>2999</duration-msec>
        </error-period>
        <error-period>
          <start>1514408414281300</start>
          <stop>1514408417621222</stop>
          <flaws>3</flaws>
          <consecutive-flaws>0</consecutive-flaws>
          <duration-msec>3339</duration-msec>
        </error-period>
      </error-log>
    </audio>
  </call-stats>
  <variables>
    <direction>inbound</direction>
    <uuid>784ff866-0526-4ddd-a3d3-8f9689eb7038</uuid>
    <session_id>1</session_id>
    <sip_from_user>1001</sip_from_user>
    <sip_from_uri>1001%40192.168.0.126</sip_from_uri>
    <sip_from_host>192.168.0.126</sip_from_host>
    <video_media_flow>sendrecv</video_media_flow>
    <channel_name>sofia/internal/1001%40192.168.0.126</channel_name>
    <ep_codec_string>CORE_PCM_MODULE.PCMU%408000h%4020i%4064000b</ep_codec_string>
    <sip_local_network_addr>192.168.0.126</sip_local_network_addr>
    <sip_network_ip>192.168.0.182</sip_network_ip>
    <sip_network_port>56490</sip_network_port>
    <sip_invite_stamp>1514408408001419</sip_invite_stamp>
    <sip_received_ip>192.168.0.182</sip_received_ip>
    <sip_received_port>56490</sip_received_port>
    <sip_via_protocol>udp</sip_via_protocol>
    <sip_authorized>true</sip_authorized>
    <Event-Name>REQUEST_PARAMS</Event-Name>
    <Core-UUID>938acbec-64d7-4306-a48b-ae9bead33301</Core-UUID>
    <FreeSWITCH-Hostname>jessie</FreeSWITCH-Hostname>
    <FreeSWITCH-Switchname>jessie</FreeSWITCH-Switchname>
    <FreeSWITCH-IPv4>192.168.0.126</FreeSWITCH-IPv4>
    <FreeSWITCH-IPv6>%3A%3A1</FreeSWITCH-IPv6>
    <Event-Date-Local>2017-12-27%2014%3A00%3A08</Event-Date-Local>
    <Event-Date-GMT>Wed,%2027%20Dec%202017%2021%3A00%3A08%20GMT</Event-Date-GMT>
    <Event-Date-Timestamp>1514408408001419</Event-Date-Timestamp>
    <Event-Calling-File>sofia.c</Event-Calling-File>
    <Event-Calling-Function>sofia_handle_sip_i_invite</Event-Calling-Function>
    <Event-Calling-Line-Number>10096</Event-Calling-Line-Number>
    <Event-Sequence>1322</Event-Sequence>
    <sip_number_alias>1001</sip_number_alias>
    <sip_auth_username>1001</sip_auth_username>
    <sip_auth_realm>192.168.0.126</sip_auth_realm>
    <number_alias>1001</number_alias>
    <requested_user_name>1001</requested_user_name>
    <requested_domain_name>192.168.0.126</requested_domain_name>
    <default_gateway>example.com</default_gateway>
    <default_areacode>918</default_areacode>
    <transfer_fallback_extension>operator</transfer_fallback_extension>
    <toll_allow>domestic,international,local</toll_allow>
    <accountcode>1001</accountcode>
    <user_context>default</user_context>
    <effective_caller_id_name>Extension%201001</effective_caller_id_name>
    <effective_caller_id_number>1001</effective_caller_id_number>
    <outbound_caller_id_name>FreeSWITCH</outbound_caller_id_name>
    <outbound_caller_id_number>0000000000</outbound_caller_id_number>
    <callgroup>techsupport</callgroup>
    <user_name>1001</user_name>
    <domain_name>192.168.0.126</domain_name>
    <sip_from_user_stripped>1001</sip_from_user_stripped>
    <sofia_profile_name>internal</sofia_profile_name>
    <recovery_profile_name>internal</recovery_profile_name>
    <sip_full_route>%3Csip%3A192.168.0.126%3Btransport%3Dudp%3Blr%3E</sip_full_route>
    <sip_allow>PRACK,%20INVITE,%20ACK,%20BYE,%20CANCEL,%20UPDATE,%20INFO,%20SUBSCRIBE,%20NOTIFY,%20REFER,%20MESSAGE,%20OPTIONS</sip_allow>
    <sip_req_user>1002</sip_req_user>
    <sip_req_uri>1002%40192.168.0.126</sip_req_uri>
    <sip_req_host>192.168.0.126</sip_req_host>
    <sip_to_user>1002</sip_to_user>
    <sip_to_uri>1002%40192.168.0.126</sip_to_uri>
    <sip_to_host>192.168.0.126</sip_to_host>
    <sip_contact_params>ob</sip_contact_params>
    <sip_contact_user>1001</sip_contact_user>
    <sip_contact_port>56490</sip_contact_port>
    <sip_contact_uri>1001%40192.168.0.182%3A56490</sip_contact_uri>
    <sip_contact_host>192.168.0.182</sip_contact_host>
    <sip_via_host>192.168.0.182</sip_via_host>
    <sip_via_port>56490</sip_via_port>
    <sip_via_rport>56490</sip_via_rport>
    <max_forwards>70</max_forwards>
    <presence_id>1001%40192.168.0.126</presence_id>
    <switch_r_sdp>v%3D0%0D%0Ao%3D-%203723397205%203723397205%20IN%20IP4%20192.168.0.182%0D%0As%3Dpjmedia%0D%0Ac%3DIN%20IP4%20192.168.0.182%0D%0At%3D0%200%0D%0Am%3Daudio%204000%20RTP/AVP%200%2099%20101%0D%0Ac%3DIN%20IP4%20192.168.0.182%0D%0Aa%3Drtpmap%3A0%20PCMU/8000%0D%0Aa%3Drtpmap%3A99%20SILK/24000%0D%0Aa%3Dfmtp%3A99%20useinbandfec%3D0%0D%0Aa%3Drtpmap%3A101%20telephone-event/8000%0D%0Aa%3Dfmtp%3A101%200-16%0D%0Aa%3Drtcp%3A4001%20IN%20IP4%20192.168.0.182%0D%0A</switch_r_sdp>
    <DP_MATCH>1002</DP_MATCH>
    <DP_MATCH>1002</DP_MATCH>
    <call_uuid>784ff866-0526-4ddd-a3d3-8f9689eb7038</call_uuid>
    <open>true</open>
    <RFC2822_DATE>Wed,%2027%20Dec%202017%2014%3A00%3A10%20-0700</RFC2822_DATE>
    <dialed_extension>1002</dialed_extension>
    <export_vars>RFC2822_DATE,dialed_extension</export_vars>
    <RECORD_STEREO>true</RECORD_STEREO>
    <media_bug_answer_req>true</media_bug_answer_req>
    <recording_follow_transfer>true</recording_follow_transfer>
    <recording_time>2017-12-27-14-00-10</recording_time>
    <recording_file>/tmp/recording/archive/2017-12-27-14-00-10_1002_1001.wav</recording_file>
    <rtp_use_codec_string>OPUS,G722,PCMU,PCMA,VP8</rtp_use_codec_string>
    <audio_media_flow>sendrecv</audio_media_flow>
    <rtp_remote_audio_rtcp_port>4001</rtp_remote_audio_rtcp_port>
    <rtp_audio_recv_pt>0</rtp_audio_recv_pt>
    <rtp_use_codec_name>PCMU</rtp_use_codec_name>
    <rtp_use_codec_rate>8000</rtp_use_codec_rate>
    <rtp_use_codec_ptime>20</rtp_use_codec_ptime>
    <rtp_use_codec_channels>1</rtp_use_codec_channels>
    <rtp_last_audio_codec_string>PCMU%408000h%4020i%401c</rtp_last_audio_codec_string>
    <original_read_codec>PCMU</original_read_codec>
    <original_read_rate>8000</original_read_rate>
    <write_codec>PCMU</write_codec>
    <write_rate>8000</write_rate>
    <dtmf_type>rfc2833</dtmf_type>
    <local_media_ip>192.168.0.126</local_media_ip>
    <local_media_port>20718</local_media_port>
    <advertised_media_ip>192.168.0.126</advertised_media_ip>
    <rtp_use_timer_name>soft</rtp_use_timer_name>
    <rtp_use_pt>0</rtp_use_pt>
    <rtp_use_ssrc>105406023</rtp_use_ssrc>
    <rtp_2833_send_payload>101</rtp_2833_send_payload>
    <rtp_2833_recv_payload>101</rtp_2833_recv_payload>
    <remote_media_ip>192.168.0.182</remote_media_ip>
    <remote_media_port>4000</remote_media_port>
    <session_in_hangup_hook>true</session_in_hangup_hook>
    <api_hangup_hook>python%20call_recogn</api_hangup_hook>
    <ringback>%25(2000,4000,440,480)</ringback>
    <transfer_ringback>local_stream%3A//moh</transfer_ringback>
    <call_timeout>30</call_timeout>
    <hangup_after_bridge>true</hangup_after_bridge>
    <continue_on_fail>true</continue_on_fail>
    <called_party_callgroup>techsupport</called_party_callgroup>
    <current_application_data>user/1002%40192.168.0.126</current_application_data>
    <current_application>bridge</current_application>
    <dialed_user>1002</dialed_user>
    <dialed_domain>192.168.0.126</dialed_domain>
    <originated_legs>95826947-e27b-4cf5-9750-7f7e40743b93%3BOutbound%20Call%3B1002</originated_legs>
    <originated_legs>95826947-e27b-4cf5-9750-7f7e40743b93%3BOutbound%20Call%3B1002</originated_legs>
    <switch_m_sdp>v%3D0%0D%0Ao%3D-%203723397208%203723397209%20IN%20IP4%20192.168.0.170%0D%0As%3Dpjmedia%0D%0Ac%3DIN%20IP4%20192.168.0.170%0D%0At%3D0%200%0D%0Am%3Daudio%204006%20RTP/AVP%200%20101%0D%0Ac%3DIN%20IP4%20192.168.0.170%0D%0Aa%3Drtpmap%3A0%20PCMU/8000%0D%0Aa%3Drtpmap%3A101%20telephone-event/8000%0D%0Aa%3Dfmtp%3A101%200-16%0D%0Aa%3Drtcp%3A4007%20IN%20IP4%20192.168.0.170%0D%0A</switch_m_sdp>
    <read_codec>PCMU</read_codec>
    <read_rate>8000</read_rate>
    <rtp_local_sdp_str>v%3D0%0D%0Ao%3DFreeSWITCH%201514387692%201514387694%20IN%20IP4%20192.168.0.126%0D%0As%3DFreeSWITCH%0D%0Ac%3DIN%20IP4%20192.168.0.126%0D%0At%3D0%200%0D%0Am%3Daudio%2020718%20RTP/AVP%200%20101%0D%0Aa%3Drtpmap%3A0%20PCMU/8000%0D%0Aa%3Drtpmap%3A101%20telephone-event/8000%0D%0Aa%3Dfmtp%3A101%200-16%0D%0Aa%3Dptime%3A20%0D%0Aa%3Dsendrecv%0D%0Aa%3Drtcp%3A20719%20IN%20IP4%20192.168.0.126%0D%0A</rtp_local_sdp_str>
    <endpoint_disposition>ANSWER</endpoint_disposition>
    <originate_causes>95826947-e27b-4cf5-9750-7f7e40743b93%3BNONE</originate_causes>
    <originate_causes>95826947-e27b-4cf5-9750-7f7e40743b93%3BNONE</originate_causes>
    <originate_disposition>SUCCESS</originate_disposition>
    <DIALSTATUS>SUCCESS</DIALSTATUS>
    <last_bridge_to>95826947-e27b-4cf5-9750-7f7e40743b93</last_bridge_to>
    <bridge_channel>sofia/internal/1002%40192.168.0.170%3A43718</bridge_channel>
    <bridge_uuid>95826947-e27b-4cf5-9750-7f7e40743b93</bridge_uuid>
    <signal_bond>95826947-e27b-4cf5-9750-7f7e40743b93</signal_bond>
    <sip_to_tag>KgyDp3UUrtavH</sip_to_tag>
    <sip_from_tag>jaQ8H5zL3P9q2Vm7U9ZtrVONvqLgWeqs</sip_from_tag>
    <sip_cseq>7844</sip_cseq>
    <sip_call_id>K3N.qT5FKX8B8mlsrc1wtZeZZO2S6vZV</sip_call_id>
    <sip_full_via>SIP/2.0/UDP%20192.168.0.182%3A56490%3Brport%3D56490%3Bbranch%3Dz9hG4bKPjP6vW4IDh5TjE4m5wpI93mDFoyRXQjUVJ</sip_full_via>
    <sip_full_from>%3Csip%3A1001%40192.168.0.126%3E%3Btag%3DjaQ8H5zL3P9q2Vm7U9ZtrVONvqLgWeqs</sip_full_from>
    <sip_full_to>%3Csip%3A1002%40192.168.0.126%3E%3Btag%3DKgyDp3UUrtavH</sip_full_to>
    <last_sent_callee_id_name>Outbound%20Call</last_sent_callee_id_name>
    <last_sent_callee_id_number>1002</last_sent_callee_id_number>
    <sip_term_status>200</sip_term_status>
    <proto_specific_hangup_cause>sip%3A200</proto_specific_hangup_cause>
    <sip_term_cause>16</sip_term_cause>
    <last_bridge_role>originator</last_bridge_role>
    <sip_user_agent>CSipSimple_nikel-23/r2457</sip_user_agent>
    <sip_hangup_disposition>recv_bye</sip_hangup_disposition>
    <bridge_hangup_cause>NORMAL_CLEARING</bridge_hangup_cause>
    <record_samples>67680</record_samples>
    <record_seconds>8</record_seconds>
    <record_ms>8460</record_ms>
    <record_completion_cause>success-silence</record_completion_cause>
    <hangup_cause>NORMAL_CLEARING</hangup_cause>
    <hangup_cause_q850>16</hangup_cause_q850>
    <digits_dialed>none</digits_dialed>
    <start_stamp>2017-12-27%2014%3A00%3A08</start_stamp>
    <profile_start_stamp>2017-12-27%2014%3A00%3A08</profile_start_stamp>
    <answer_stamp>2017-12-27%2014%3A00%3A13</answer_stamp>
    <bridge_stamp>2017-12-27%2014%3A00%3A13</bridge_stamp>
    <progress_stamp>2017-12-27%2014%3A00%3A11</progress_stamp>
    <progress_media_stamp>2017-12-27%2014%3A00%3A10</progress_media_stamp>
    <end_stamp>2017-12-27%2014%3A00%3A21</end_stamp>
    <start_epoch>1514408408</start_epoch>
    <start_uepoch>1514408408001419</start_uepoch>
    <profile_start_epoch>1514408408</profile_start_epoch>
    <profile_start_uepoch>1514408408001419</profile_start_uepoch>
    <answer_epoch>1514408413</answer_epoch>
    <answer_uepoch>1514408413441879</answer_uepoch>
    <bridge_epoch>1514408413</bridge_epoch>
    <bridge_uepoch>1514408413441879</bridge_uepoch>
    <last_hold_epoch>0</last_hold_epoch>
    <last_hold_uepoch>0</last_hold_uepoch>
    <hold_accum_seconds>0</hold_accum_seconds>
    <hold_accum_usec>0</hold_accum_usec>
    <hold_accum_ms>0</hold_accum_ms>
    <resurrect_epoch>0</resurrect_epoch>
    <resurrect_uepoch>0</resurrect_uepoch>
    <progress_epoch>1514408411</progress_epoch>
    <progress_uepoch>1514408411101547</progress_uepoch>
    <progress_media_epoch>1514408410</progress_media_epoch>
    <progress_media_uepoch>1514408410101198</progress_media_uepoch>
    <end_epoch>1514408421</end_epoch>
    <end_uepoch>1514408421761810</end_uepoch>
    <last_app>bridge</last_app>
    <last_arg>user/1002%40192.168.0.126</last_arg>
    <caller_id>%221001%22%20%3C1001%3E</caller_id>
    <duration>13</duration>
    <billsec>8</billsec>
    <progresssec>3</progresssec>
    <answersec>5</answersec>
    <waitsec>5</waitsec>
    <progress_mediasec>2</progress_mediasec>
    <flow_billsec>13</flow_billsec>
    <mduration>13760</mduration>
    <billmsec>8320</billmsec>
    <progressmsec>3100</progressmsec>
    <answermsec>5440</answermsec>
    <waitmsec>5440</waitmsec>
    <progress_mediamsec>2100</progress_mediamsec>
    <flow_billmsec>13760</flow_billmsec>
    <uduration>13760391</uduration>
    <billusec>8319931</billusec>
    <progressusec>3100128</progressusec>
    <answerusec>5440460</answerusec>
    <waitusec>5440460</waitusec>
    <progress_mediausec>2099779</progress_mediausec>
    <flow_billusec>13760391</flow_billusec>
    <rtp_audio_in_raw_bytes>98212</rtp_audio_in_raw_bytes>
    <rtp_audio_in_media_bytes>93224</rtp_audio_in_media_bytes>
    <rtp_audio_in_packet_count>571</rtp_audio_in_packet_count>
    <rtp_audio_in_media_packet_count>542</rtp_audio_in_media_packet_count>
    <rtp_audio_in_skip_packet_count>22</rtp_audio_in_skip_packet_count>
    <rtp_audio_in_jitter_packet_count>0</rtp_audio_in_jitter_packet_count>
    <rtp_audio_in_dtmf_packet_count>0</rtp_audio_in_dtmf_packet_count>
    <rtp_audio_in_cng_packet_count>0</rtp_audio_in_cng_packet_count>
    <rtp_audio_in_flush_packet_count>29</rtp_audio_in_flush_packet_count>
    <rtp_audio_in_largest_jb_size>0</rtp_audio_in_largest_jb_size>
    <rtp_audio_in_jitter_min_variance>0.05</rtp_audio_in_jitter_min_variance>
    <rtp_audio_in_jitter_max_variance>150.95</rtp_audio_in_jitter_max_variance>
    <rtp_audio_in_jitter_loss_rate>0.00</rtp_audio_in_jitter_loss_rate>
    <rtp_audio_in_jitter_burst_rate>0.00</rtp_audio_in_jitter_burst_rate>
    <rtp_audio_in_mean_interval>20.17</rtp_audio_in_mean_interval>
    <rtp_audio_in_flaw_total>4</rtp_audio_in_flaw_total>
    <rtp_audio_in_quality_percentage>99.00</rtp_audio_in_quality_percentage>
    <rtp_audio_in_mos>4.49</rtp_audio_in_mos>
    <rtp_audio_out_raw_bytes>92880</rtp_audio_out_raw_bytes>
    <rtp_audio_out_media_bytes>92880</rtp_audio_out_media_bytes>
    <rtp_audio_out_packet_count>540</rtp_audio_out_packet_count>
    <rtp_audio_out_media_packet_count>540</rtp_audio_out_media_packet_count>
    <rtp_audio_out_skip_packet_count>0</rtp_audio_out_skip_packet_count>
    <rtp_audio_out_dtmf_packet_count>0</rtp_audio_out_dtmf_packet_count>
    <rtp_audio_out_cng_packet_count>0</rtp_audio_out_cng_packet_count>
    <rtp_audio_rtcp_packet_count>829</rtp_audio_rtcp_packet_count>
    <rtp_audio_rtcp_octet_count>132640</rtp_audio_rtcp_octet_count>
  </variables>
  <app_log>
    <application app_name="set" app_data="open=true" app_stamp="1514408408023784"></application>
    <application app_name="log" app_data="CRIT WARNING WARNING WARNING WARNING WARNING WARNING WARNING WARNING WARNING " app_stamp="1514408408024491"></application>
    <application app_name="log" app_data="CRIT Open /etc/freeswitch/vars.xml and change the default_password." app_stamp="1514408408025015"></application>
    <application app_name="log" app_data="CRIT Once changed type 'reloadxml' at the console." app_stamp="1514408408025577"></application>
    <application app_name="log" app_data="CRIT WARNING WARNING WARNING WARNING WARNING WARNING WARNING WARNING WARNING " app_stamp="1514408408026006"></application>
    <application app_name="sleep" app_data="1981" app_stamp="1514408408026555"></application>
    <application app_name="hash" app_data="insert/192.168.0.126-spymap/1001/784ff866-0526-4ddd-a3d3-8f9689eb7038" app_stamp="1514408410090564"></application>
    <application app_name="hash" app_data="insert/192.168.0.126-last_dial/1001/1002" app_stamp="1514408410091328"></application>
    <application app_name="hash" app_data="insert/192.168.0.126-last_dial/global/784ff866-0526-4ddd-a3d3-8f9689eb7038" app_stamp="1514408410092101"></application>
    <application app_name="export" app_data="RFC2822_DATE=Wed, 27 Dec 2017 14:00:10 -0700" app_stamp="1514408410093001"></application>
    <application app_name="export" app_data="dialed_extension=1002" app_stamp="1514408410093869"></application>
    <application app_name="set" app_data="RECORD_TITLE=Recording 1002 1001 2017-12-27 14:00" app_stamp="1514408410094846"></application>
    <application app_name="set" app_data="RECORD_COPYRIGHT=(c) 2011" app_stamp="1514408410095628"></application>
    <application app_name="set" app_data="RECORD_SOFTWARE=FreeSWITCH" app_stamp="1514408410096373"></application>
    <application app_name="set" app_data="RECORD_ARTIST=FreeSWITCH" app_stamp="1514408410097156"></application>
    <application app_name="set" app_data="RECORD_COMMENT=FreeSWITCH" app_stamp="1514408410097890"></application>
    <application app_name="set" app_data="RECORD_DATE=2017-12-27 14:00" app_stamp="1514408410098720"></application>
    <application app_name="set" app_data="RECORD_STEREO=true" app_stamp="1514408410099389"></application>
    <application app_name="set" app_data="media_bug_answer_req=true" app_stamp="1514408410100178"></application>
    <application app_name="set" app_data="recording_follow_transfer=true" app_stamp="1514408410100911"></application>
    <application app_name="set" app_data="recording_time=2017-12-27-14-00-10" app_stamp="1514408410102225"></application>
    <application app_name="set" app_data="recording_file=/tmp/recording/archive/2017-12-27-14-00-10_1002_1001.wav" app_stamp="1514408410103347"></application>
    <application app_name="record_session" app_data="/tmp/recording/archive/2017-12-27-14-00-10_1002_1001.wav" app_stamp="1514408410116070"></application>
    <application app_name="set" app_data="session_in_hangup_hook=true" app_stamp="1514408410131134"></application>
    <application app_name="set" app_data="api_hangup_hook=python call_recogn" app_stamp="1514408410132171"></application>
    <application app_name="python" app_data="call_recogn" app_stamp="1514408410133134"></application>
    <application app_name="bind_meta_app" app_data="1 b s execute_extension::dx XML features" app_stamp="1514408410692776"></application>
    <application app_name="bind_meta_app" app_data="2 b s record_session::/tmp/recording/1001.2017-12-27-14-00-10.wav" app_stamp="1514408410693111"></application>
    <application app_name="bind_meta_app" app_data="3 b s execute_extension::cf XML features" app_stamp="1514408410693345"></application>
    <application app_name="bind_meta_app" app_data="4 b s execute_extension::att_xfer XML features" app_stamp="1514408410693577"></application>
    <application app_name="set" app_data="ringback=%(2000,4000,440,480)" app_stamp="1514408410693803"></application>
    <application app_name="set" app_data="transfer_ringback=local_stream://moh" app_stamp="1514408410693997"></application>
    <application app_name="set" app_data="call_timeout=30" app_stamp="1514408410694186"></application>
    <application app_name="set" app_data="hangup_after_bridge=true" app_stamp="1514408410694410"></application>
    <application app_name="set" app_data="continue_on_fail=true" app_stamp="1514408410694609"></application>
    <application app_name="hash" app_data="insert/192.168.0.126-call_return/1002/1001" app_stamp="1514408410694802"></application>
    <application app_name="hash" app_data="insert/192.168.0.126-last_dial_ext/1002/784ff866-0526-4ddd-a3d3-8f9689eb7038" app_stamp="1514408410695000"></application>
    <application app_name="set" app_data="called_party_callgroup=techsupport" app_stamp="1514408410695411"></application>
    <application app_name="hash" app_data="insert/192.168.0.126-last_dial_ext/techsupport/784ff866-0526-4ddd-a3d3-8f9689eb7038" app_stamp="1514408410695622"></application>
    <application app_name="hash" app_data="insert/192.168.0.126-last_dial_ext/global/784ff866-0526-4ddd-a3d3-8f9689eb7038" app_stamp="1514408410695837"></application>
    <application app_name="hash" app_data="insert/192.168.0.126-last_dial/techsupport/784ff866-0526-4ddd-a3d3-8f9689eb7038" app_stamp="1514408410696056"></application>
    <application app_name="bridge" app_data="user/1002@192.168.0.126" app_stamp="1514408410696318"></application>
  </app_log>
  <callflow dialplan="XML" unique-id="6573c086-69b5-4515-979d-57fef0d214e7" profile_index="1">
    <extension name="tod_example" number="1002" current_app="answer">
      <application app_name="set" app_data="open=true"></application>
      <application app_name="log" app_data="CRIT WARNING WARNING WARNING WARNING WARNING WARNING WARNING WARNING WARNING "></application>
      <application app_name="log" app_data="CRIT Open /etc/freeswitch/vars.xml and change the default_password."></application>
      <application app_name="log" app_data="CRIT Once changed type 'reloadxml' at the console."></application>
      <application app_name="log" app_data="CRIT WARNING WARNING WARNING WARNING WARNING WARNING WARNING WARNING WARNING "></application>
      <application app_name="sleep" app_data="1981"></application>
      <application app_name="hash" app_data="insert/${domain_name}-spymap/${caller_id_number}/${uuid}"></application>
      <application app_name="hash" app_data="insert/${domain_name}-last_dial/${caller_id_number}/${destination_number}"></application>
      <application app_name="hash" app_data="insert/${domain_name}-last_dial/global/${uuid}"></application>
      <application app_name="export" app_data="RFC2822_DATE=${strftime(%a, %d %b %Y %T %z)}"></application>
      <application app_name="export" app_data="dialed_extension=1002"></application>
      <application app_name="set" app_data="RECORD_TITLE=Recording ${destination_number} ${caller_id_number} ${strftime(%Y-%m-%d %H:%M)}"></application>
      <application app_name="set" app_data="RECORD_COPYRIGHT=(c) 2011"></application>
      <application app_name="set" app_data="RECORD_SOFTWARE=FreeSWITCH"></application>
      <application app_name="set" app_data="RECORD_ARTIST=FreeSWITCH"></application>
      <application app_name="set" app_data="RECORD_COMMENT=FreeSWITCH"></application>
      <application app_name="set" app_data="RECORD_DATE=${strftime(%Y-%m-%d %H:%M)}"></application>
      <application app_name="set" app_data="RECORD_STEREO=true"></application>
      <application app_name="set" app_data="media_bug_answer_req=true"></application>
      <application app_name="set" app_data="recording_follow_transfer=true"></application>
      <application app_name="set" app_data="recording_time=${strftime(%Y-%m-%d-%H-%M-%S)}"></application>
      <application app_name="set" app_data="recording_file=/tmp/recording/archive/${recording_time}_${destination_number}_${caller_id_number}.wav"></application>
      <application app_name="record_session" app_data="${recording_file}"></application>
      <application app_name="set" app_data="session_in_hangup_hook=true"></application>
      <application app_name="set" app_data="api_hangup_hook=python call_recogn"></application>
      <application app_name="python" app_data="call_recogn"></application>
      <application app_name="bind_meta_app" app_data="1 b s execute_extension::dx XML features"></application>
      <application app_name="bind_meta_app" app_data="2 b s record_session::/tmp/recording/${caller_id_number}.${strftime(%Y-%m-%d-%H-%M-%S)}.wav"></application>
      <application app_name="bind_meta_app" app_data="3 b s execute_extension::cf XML features"></application>
      <application app_name="bind_meta_app" app_data="4 b s execute_extension::att_xfer XML features"></application>
      <application app_name="set" app_data="ringback=${us-ring}"></application>
      <application app_name="set" app_data="transfer_ringback=local_stream://moh"></application>
      <application app_name="set" app_data="call_timeout=30"></application>
      <application app_name="set" app_data="hangup_after_bridge=true"></application>
      <application app_name="set" app_data="continue_on_fail=true"></application>
      <application app_name="hash" app_data="insert/${domain_name}-call_return/${dialed_extension}/${caller_id_number}"></application>
      <application app_name="hash" app_data="insert/${domain_name}-last_dial_ext/${dialed_extension}/${uuid}"></application>
      <application app_name="set" app_data="called_party_callgroup=${user_data(${dialed_extension}@${domain_name} var callgroup)}"></application>
      <application app_name="hash" app_data="insert/${domain_name}-last_dial_ext/${called_party_callgroup}/${uuid}"></application>
      <application app_name="hash" app_data="insert/${domain_name}-last_dial_ext/global/${uuid}"></application>
      <application app_name="hash" app_data="insert/${domain_name}-last_dial/${called_party_callgroup}/${uuid}"></application>
      <application app_name="bridge" app_data="user/${dialed_extension}@${domain_name}"></application>
      <application last_executed="true" app_name="answer" app_data=""></application>
      <application app_name="sleep" app_data="1000"></application>
      <application app_name="bridge" app_data="loopback/app=voicemail:default ${domain_name} ${dialed_extension}"></application>
    </extension>
    <caller_profile>
      <username>1001</username>
      <dialplan>XML</dialplan>
      <caller_id_name>1001</caller_id_name>
      <caller_id_number>1001</caller_id_number>
      <callee_id_name>Outbound Call</callee_id_name>
      <callee_id_number>1002</callee_id_number>
      <ani>1001</ani>
      <aniii></aniii>
      <network_addr>192.168.0.182</network_addr>
      <rdnis></rdnis>
      <destination_number>1002</destination_number>
      <uuid>784ff866-0526-4ddd-a3d3-8f9689eb7038</uuid>
      <source>mod_sofia</source>
      <context>default</context>
      <chan_name>sofia/internal/1001@192.168.0.126</chan_name>
      <origination>
        <origination_caller_profile>
          <username>1001</username>
          <dialplan>XML</dialplan>
          <caller_id_name>Extension 1001</caller_id_name>
          <caller_id_number>1001</caller_id_number>
          <callee_id_name>Outbound Call</callee_id_name>
          <callee_id_number>1002</callee_id_number>
          <ani>1001</ani>
          <aniii></aniii>
          <network_addr>192.168.0.170</network_addr>
          <rdnis></rdnis>
          <destination_number>1002</destination_number>
          <uuid>95826947-e27b-4cf5-9750-7f7e40743b93</uuid>
          <source>mod_sofia</source>
          <context>default</context>
          <chan_name>sofia/internal/1002@192.168.0.170:43718</chan_name>
        </origination_caller_profile>
        <origination_caller_profile>
          <username>1001</username>
          <dialplan>XML</dialplan>
          <caller_id_name>Extension 1001</caller_id_name>
          <caller_id_number>1001</caller_id_number>
          <callee_id_name>Outbound Call</callee_id_name>
          <callee_id_number>1002</callee_id_number>
          <ani>1001</ani>
          <aniii></aniii>
          <network_addr>192.168.0.182</network_addr>
          <rdnis></rdnis>
          <destination_number>1002</destination_number>
          <uuid>95826947-e27b-4cf5-9750-7f7e40743b93</uuid>
          <source>mod_sofia</source>
          <context>default</context>
          <chan_name>sofia/internal/1002@192.168.0.170:43718</chan_name>
        </origination_caller_profile>
      </origination>
      <originatee>
        <originatee_caller_profile>
          <username>1001</username>
          <dialplan>XML</dialplan>
          <caller_id_name>Extension 1001</caller_id_name>
          <caller_id_number>1001</caller_id_number>
          <callee_id_name>Outbound Call</callee_id_name>
          <callee_id_number>1002</callee_id_number>
          <ani>1001</ani>
          <aniii></aniii>
          <network_addr>192.168.0.170</network_addr>
          <rdnis></rdnis>
          <destination_number>1002</destination_number>
          <uuid>95826947-e27b-4cf5-9750-7f7e40743b93</uuid>
          <source>mod_sofia</source>
          <context>default</context>
          <chan_name>sofia/internal/1002@192.168.0.170:43718</chan_name>
        </originatee_caller_profile>
        <originatee_caller_profile>
          <username>1001</username>
          <dialplan>XML</dialplan>
          <caller_id_name>Extension 1001</caller_id_name>
          <caller_id_number>1001</caller_id_number>
          <callee_id_name>Outbound Call</callee_id_name>
          <callee_id_number>1002</callee_id_number>
          <ani>1001</ani>
          <aniii></aniii>
          <network_addr>192.168.0.170</network_addr>
          <rdnis></rdnis>
          <destination_number>1002</destination_number>
          <uuid>95826947-e27b-4cf5-9750-7f7e40743b93</uuid>
          <source>mod_sofia</source>
          <context>default</context>
          <chan_name>sofia/internal/1002@192.168.0.170:43718</chan_name>
        </originatee_caller_profile>
      </originatee>
    </caller_profile>
    <times>
      <created_time>1514408408001419</created_time>
      <profile_created_time>1514408408001419</profile_created_time>
      <progress_time>1514408411101547</progress_time>
      <progress_media_time>1514408410101198</progress_media_time>
      <answered_time>1514408413441879</answered_time>
      <bridged_time>1514408413441879</bridged_time>
      <last_hold_time>0</last_hold_time>
      <hold_accum_time>0</hold_accum_time>
      <hangup_time>1514408421761810</hangup_time>
      <resurrect_time>0</resurrect_time>
      <transfer_time>0</transfer_time>
    </times>
  </callflow>
</cdr>
