<?xml version="1.0"?>
<cdr core-uuid="938acbec-64d7-4306-a48b-ae9bead33301" switchname="jessie">
  <channel_data>
    <state>CS_REPORTING</state>
    <direction>outbound</direction>
    <state_number>11</state_number>
    <flags>0=1;2=1;3=1;7=1;38=1;40=1;48=1;53=1;75=1;122=1</flags>
    <caps></caps>
  </channel_data>
  <call-stats></call-stats>
  <variables>
    <direction>outbound</direction>
    <is_outbound>true</is_outbound>
    <uuid>c7039c14-efc4-4de7-bb8e-15891893db63</uuid>
    <session_id>6</session_id>
    <read_codec>PCMU</read_codec>
    <read_rate>8000</read_rate>
    <write_codec>PCMU</write_codec>
    <write_rate>8000</write_rate>
    <loopback_app>voicemail</loopback_app>
    <loopback_app_arg>default%20192.168.0.126%201005</loopback_app_arg>
    <channel_name>loopback/voicemail-a</channel_name>
    <max_forwards>69</max_forwards>
    <originator_codec>PCMU%408000h%4020i</originator_codec>
    <originator>3376ee9c-13c8-44d1-9072-75d108f1dd9c</originator>
    <switch_m_sdp>v%3D0%0D%0Ao%3D-%203723398010%203723398010%20IN%20IP4%20192.168.0.182%0D%0As%3Dpjmedia%0D%0Ac%3DIN%20IP4%20192.168.0.182%0D%0At%3D0%200%0D%0Am%3Daudio%204004%20RTP/AVP%200%2099%20101%0D%0Ac%3DIN%20IP4%20192.168.0.182%0D%0Aa%3Drtpmap%3A0%20PCMU/8000%0D%0Aa%3Drtpmap%3A99%20SILK/24000%0D%0Aa%3Dfmtp%3A99%20useinbandfec%3D0%0D%0Aa%3Drtpmap%3A101%20telephone-event/8000%0D%0Aa%3Dfmtp%3A101%200-16%0D%0Aa%3Drtcp%3A4005%20IN%20IP4%20192.168.0.182%0D%0A</switch_m_sdp>
    <export_vars>RFC2822_DATE,dialed_extension</export_vars>
    <RFC2822_DATE>Wed,%2027%20Dec%202017%2014%3A13%3A35%20-0700</RFC2822_DATE>
    <dialed_extension>1005</dialed_extension>
    <originate_early_media>true</originate_early_media>
    <originating_leg_uuid>3376ee9c-13c8-44d1-9072-75d108f1dd9c</originating_leg_uuid>
    <other_loopback_leg_uuid>388c5dd5-7d72-4ef1-bc45-e2212819b5b7</other_loopback_leg_uuid>
    <loopback_leg>A</loopback_leg>
    <endpoint_disposition>EARLY%20MEDIA</endpoint_disposition>
    <last_bridge_to>3376ee9c-13c8-44d1-9072-75d108f1dd9c</last_bridge_to>
    <bridge_channel>sofia/internal/1001%40192.168.0.126</bridge_channel>
    <bridge_uuid>3376ee9c-13c8-44d1-9072-75d108f1dd9c</bridge_uuid>
    <signal_bond>3376ee9c-13c8-44d1-9072-75d108f1dd9c</signal_bond>
    <sip_hangup_phrase>OK</sip_hangup_phrase>
    <last_bridge_hangup_cause>NORMAL_CLEARING</last_bridge_hangup_cause>
    <last_bridge_proto_specific_hangup_cause>sip%3A200</last_bridge_proto_specific_hangup_cause>
    <hangup_cause>ORIGINATOR_CANCEL</hangup_cause>
    <hangup_cause_q850>16</hangup_cause_q850>
    <digits_dialed>none</digits_dialed>
    <start_stamp>2017-12-27%2014%3A13%3A36</start_stamp>
    <profile_start_stamp>2017-12-27%2014%3A13%3A36</profile_start_stamp>
    <bridge_stamp>2017-12-27%2014%3A13%3A37</bridge_stamp>
    <progress_media_stamp>2017-12-27%2014%3A13%3A36</progress_media_stamp>
    <end_stamp>2017-12-27%2014%3A13%3A47</end_stamp>
    <start_epoch>1514409216</start_epoch>
    <start_uepoch>1514409216981607</start_uepoch>
    <profile_start_epoch>1514409216</profile_start_epoch>
    <profile_start_uepoch>1514409216981607</profile_start_uepoch>
    <answer_epoch>0</answer_epoch>
    <answer_uepoch>0</answer_uepoch>
    <bridge_epoch>1514409217</bridge_epoch>
    <bridge_uepoch>1514409217001545</bridge_uepoch>
    <last_hold_epoch>0</last_hold_epoch>
    <last_hold_uepoch>0</last_hold_uepoch>
    <hold_accum_seconds>0</hold_accum_seconds>
    <hold_accum_usec>0</hold_accum_usec>
    <hold_accum_ms>0</hold_accum_ms>
    <resurrect_epoch>0</resurrect_epoch>
    <resurrect_uepoch>0</resurrect_uepoch>
    <progress_epoch>0</progress_epoch>
    <progress_uepoch>0</progress_uepoch>
    <progress_media_epoch>1514409216</progress_media_epoch>
    <progress_media_uepoch>1514409216981607</progress_media_uepoch>
    <end_epoch>1514409227</end_epoch>
    <end_uepoch>1514409227981516</end_uepoch>
    <caller_id>%22Extension%201001%22%20%3C1001%3E</caller_id>
    <duration>11</duration>
    <billsec>0</billsec>
    <progresssec>0</progresssec>
    <answersec>0</answersec>
    <waitsec>1</waitsec>
    <progress_mediasec>0</progress_mediasec>
    <flow_billsec>0</flow_billsec>
    <mduration>11000</mduration>
    <billmsec>0</billmsec>
    <progressmsec>0</progressmsec>
    <answermsec>0</answermsec>
    <waitmsec>20</waitmsec>
    <progress_mediamsec>0</progress_mediamsec>
    <flow_billmsec>0</flow_billmsec>
    <uduration>10999909</uduration>
    <billusec>0</billusec>
    <progressusec>0</progressusec>
    <answerusec>0</answerusec>
    <waitusec>19938</waitusec>
    <progress_mediausec>0</progress_mediausec>
    <flow_billusec>0</flow_billusec>
    <is_loopback>1</is_loopback>
    <bridge_hangup_cause>NORMAL_CLEARING</bridge_hangup_cause>
    <call_uuid>c7039c14-efc4-4de7-bb8e-15891893db63</call_uuid>
  </variables>
  <callflow dialplan="XML" unique-id="b868347c-1214-4abc-900e-bdb8522211b9" clone-of="87039c19-ccdf-4e88-b3c0-5dac811926e9" profile_index="1">
    <caller_profile>
      <username>1001</username>
      <dialplan>XML</dialplan>
      <caller_id_name>Extension 1001</caller_id_name>
      <caller_id_number>1001</caller_id_number>
      <callee_id_name>Outbound Call</callee_id_name>
      <callee_id_number>default 192.168.0.126 1005</callee_id_number>
      <ani>1001</ani>
      <aniii></aniii>
      <network_addr>192.168.0.182</network_addr>
      <rdnis></rdnis>
      <destination_number>voicemail</destination_number>
      <uuid>c7039c14-efc4-4de7-bb8e-15891893db63</uuid>
      <source>mod_loopback</source>
      <context>default</context>
      <chan_name>loopback/voicemail-a</chan_name>
      <originator>
        <originator_caller_profile>
          <username>1001</username>
          <dialplan>XML</dialplan>
          <caller_id_name>1001</caller_id_name>
          <caller_id_number>1001</caller_id_number>
          <callee_id_name></callee_id_name>
          <callee_id_number></callee_id_number>
          <ani>1001</ani>
          <aniii></aniii>
          <network_addr>192.168.0.182</network_addr>
          <rdnis></rdnis>
          <destination_number>1005</destination_number>
          <uuid>3376ee9c-13c8-44d1-9072-75d108f1dd9c</uuid>
          <source>mod_sofia</source>
          <context>default</context>
          <chan_name>sofia/internal/1001@192.168.0.126</chan_name>
        </originator_caller_profile>
      </originator>
    </caller_profile>
    <times>
      <created_time>1514409216981607</created_time>
      <profile_created_time>1514409216981607</profile_created_time>
      <progress_time>0</progress_time>
      <progress_media_time>1514409216981607</progress_media_time>
      <answered_time>0</answered_time>
      <bridged_time>1514409217001545</bridged_time>
      <last_hold_time>0</last_hold_time>
      <hold_accum_time>0</hold_accum_time>
      <hangup_time>1514409227981516</hangup_time>
      <resurrect_time>0</resurrect_time>
      <transfer_time>0</transfer_time>
    </times>
  </callflow>
</cdr>
